epoch,time,train/box_loss,train/pose_loss,train/kobj_loss,train/cls_loss,train/dfl_loss,metrics/precision(B),metrics/recall(B),metrics/mAP50(B),metrics/mAP50-95(B),metrics/precision(P),metrics/recall(P),metrics/mAP50(P),metrics/mAP50-95(P),val/box_loss,val/pose_loss,val/kobj_loss,val/cls_loss,val/dfl_loss,lr/pg0,lr/pg1,lr/pg2,lr/pg3,lr/pg4,lr/pg5,lr/pg6,lr/pg7
1,586.113,1.49565,1.1799,0.39534,1.45057,1.9033,0.94366,0.94158,0.96693,0.72661,0.9454,0.94402,0.96963,0.95071,0.99907,0.14935,0.04506,0.60863,1.52375,0.00998165,0.00332722,0.00998165,0.00332722,0.00998165,0.00332722,0.00998165,0.00332722
2,969.346,0.92911,0.33437,0.16875,0.63339,1.3933,0.95648,0.94515,0.97567,0.72302,0.95764,0.94847,0.9776,0.9712,1.10285,0.10327,0.05518,0.5505,1.79148,0.0198827,0.00662758,0.0198827,0.00662758,0.0198827,0.00662758,0.0198827,0.00662758
3,1285.94,0.89067,0.26137,0.12141,0.5814,1.35512,0.95694,0.9534,0.97674,0.74499,0.95741,0.95694,0.97924,0.97318,0.98911,0.10912,0.01561,0.50476,1.59294,0.0296848,0.00989494,0.0296848,0.00989494,0.0296848,0.00989494,0.0296848,0.00989494
4,1596.64,0.84825,0.22204,0.09796,0.54521,1.31712,0.96798,0.95448,0.98066,0.79441,0.96946,0.95657,0.98248,0.97825,0.81468,0.08227,0.00871,0.47034,1.32281,0.0295545,0.0098515,0.0295545,0.0098515,0.0295545,0.0098515,0.0295545,0.0098515
5,1896.94,0.77812,0.17427,0.07827,0.49285,1.25514,0.96534,0.96113,0.98101,0.82282,0.96729,0.96327,0.98289,0.97831,0.81593,0.08356,0.0069,0.41215,1.28517,0.029406,0.009802,0.029406,0.009802,0.029406,0.009802,0.029406,0.009802
6,2197.18,0.72864,0.1502,0.06857,0.45873,1.21328,0.98097,0.96489,0.98681,0.86905,0.98119,0.96631,0.98809,0.9851,0.65667,0.0618,0.00419,0.35835,1.17729,0.0292575,0.0097525,0.0292575,0.0097525,0.0292575,0.0097525,0.0292575,0.0097525
7,2521.46,0.69134,0.13412,0.06111,0.44471,1.18007,0.98027,0.97349,0.98839,0.84003,0.98108,0.97558,0.98956,0.98684,0.6757,0.05775,0.00554,0.34072,1.18877,0.029109,0.009703,0.029109,0.009703,0.029109,0.009703,0.029109,0.009703
8,2820.71,0.65954,0.11912,0.05503,0.42587,1.15209,0.98702,0.97749,0.99113,0.86136,0.98809,0.97853,0.99167,0.9892,0.68197,0.0523,0.00347,0.3308,1.17476,0.0289605,0.0096535,0.0289605,0.0096535,0.0289605,0.0096535,0.0289605,0.0096535
9,3119.77,0.63661,0.11056,0.05195,0.41271,1.13462,0.98134,0.97953,0.99003,0.8774,0.98285,0.98029,0.99076,0.988,0.60932,0.05244,0.00296,0.3303,1.13046,0.028812,0.009604,0.028812,0.009604,0.028812,0.009604,0.028812,0.009604
10,3419.68,0.61481,0.10375,0.0479,0.39995,1.12141,0.98546,0.9769,0.99114,0.90305,0.98298,0.98169,0.99192,0.98978,0.56349,0.05,0.0012,0.2986,1.09758,0.0286635,0.0095545,0.0286635,0.0095545,0.0286635,0.0095545,0.0286635,0.0095545
11,3720.12,0.60125,0.10139,0.04726,0.39116,1.10956,0.98953,0.97951,0.99148,0.8977,0.98993,0.98099,0.99222,0.99014,0.53463,0.06004,0.00399,0.29045,1.05561,0.028515,0.009505,0.028515,0.009505,0.028515,0.009505,0.028515,0.009505
12,4020.18,0.58451,0.09029,0.04362,0.37983,1.09273,0.98631,0.98205,0.99197,0.89352,0.98693,0.98267,0.99251,0.99082,0.60365,0.04804,0.00114,0.28303,1.13337,0.0283665,0.0094555,0.0283665,0.0094555,0.0283665,0.0094555,0.0283665,0.0094555
13,4318.76,0.5681,0.08697,0.04286,0.36912,1.08449,0.99032,0.98247,0.99253,0.90744,0.99117,0.98334,0.99305,0.99147,0.50869,0.04027,0.00195,0.25815,1.0467,0.028218,0.009406,0.028218,0.009406,0.028218,0.009406,0.028218,0.009406
14,4618.05,0.55961,0.08422,0.04034,0.3619,1.08093,0.98998,0.98239,0.99296,0.90734,0.99008,0.98282,0.99333,0.99198,0.53814,0.04792,0.00101,0.2592,1.08743,0.0280695,0.0093565,0.0280695,0.0093565,0.0280695,0.0093565,0.0280695,0.0093565
15,4916.78,0.54708,0.07864,0.03988,0.3562,1.07094,0.98947,0.98639,0.99292,0.90772,0.99052,0.98741,0.99347,0.99189,0.52317,0.0413,0.0018,0.25389,1.05171,0.027921,0.009307,0.027921,0.009307,0.027921,0.009307,0.027921,0.009307
16,5219.69,0.53823,0.07995,0.03954,0.34921,1.06495,0.99366,0.98378,0.99313,0.90604,0.99408,0.98439,0.99358,0.9919,0.54642,0.04103,0.00087,0.24864,1.07263,0.0277725,0.0092575,0.0277725,0.0092575,0.0277725,0.0092575,0.0277725,0.0092575
17,5535.88,0.53281,0.07713,0.03673,0.34334,1.06092,0.99214,0.9861,0.99324,0.91624,0.99251,0.98666,0.9936,0.99237,0.52442,0.03839,0.00087,0.2452,1.06147,0.027624,0.009208,0.027624,0.009208,0.027624,0.009208,0.027624,0.009208
18,5853.39,0.51933,0.07139,0.03477,0.33868,1.05191,0.98918,0.98788,0.99308,0.90358,0.99023,0.98893,0.99365,0.99221,0.56759,0.03839,0.00083,0.26627,1.06795,0.0274755,0.0091585,0.0274755,0.0091585,0.0274755,0.0091585,0.0274755,0.0091585
19,6154.24,0.51535,0.07059,0.03435,0.3349,1.04761,0.99154,0.98648,0.99328,0.90534,0.99242,0.98727,0.99364,0.99238,0.51132,0.04134,0.00127,0.26477,1.03328,0.027327,0.009109,0.027327,0.009109,0.027327,0.009109,0.027327,0.009109
20,6454.61,0.50567,0.07104,0.03472,0.33134,1.04319,0.99307,0.98683,0.99394,0.91265,0.99434,0.98713,0.99416,0.99288,0.50737,0.03745,0.00051,0.22908,1.03436,0.0271785,0.0090595,0.0271785,0.0090595,0.0271785,0.0090595,0.0271785,0.0090595
21,6754.72,0.5012,0.06988,0.03356,0.32888,1.03821,0.99459,0.98635,0.99369,0.92202,0.9953,0.98713,0.99407,0.99275,0.43869,0.03822,0.00142,0.21641,0.99787,0.02703,0.00901,0.02703,0.00901,0.02703,0.00901,0.02703,0.00901
22,7055.03,0.49712,0.06417,0.03229,0.32538,1.03777,0.99378,0.98797,0.99362,0.91657,0.99367,0.98858,0.99393,0.99284,0.48079,0.037,0.00046,0.22791,1.02222,0.0268815,0.0089605,0.0268815,0.0089605,0.0268815,0.0089605,0.0268815,0.0089605
23,7359.79,0.48803,0.06406,0.03107,0.31855,1.03076,0.993,0.98718,0.99373,0.92369,0.99353,0.9877,0.99406,0.99293,0.45308,0.03516,0.00088,0.22192,1.0048,0.026733,0.008911,0.026733,0.008911,0.026733,0.008911,0.026733,0.008911
24,7663.43,0.48375,0.06192,0.02963,0.31885,1.0287,0.99291,0.98701,0.99347,0.91898,0.99236,0.98866,0.99369,0.99265,0.47485,0.03393,0.00072,0.25162,1.01383,0.0265845,0.0088615,0.0265845,0.0088615,0.0265845,0.0088615,0.0265845,0.0088615
25,7963.29,0.47936,0.06231,0.02864,0.31382,1.02337,0.99345,0.98893,0.99376,0.91897,0.99363,0.98901,0.99395,0.99309,0.47885,0.03452,0.00077,0.22311,1.01664,0.026436,0.008812,0.026436,0.008812,0.026436,0.008812,0.026436,0.008812
26,8262.18,0.47622,0.05794,0.02889,0.3115,1.02243,0.99357,0.98865,0.99361,0.92183,0.99383,0.98891,0.9939,0.99281,0.4475,0.03258,0.001,0.21683,0.9971,0.0262875,0.0087625,0.0262875,0.0087625,0.0262875,0.0087625,0.0262875,0.0087625
27,8562.86,0.46976,0.05883,0.02718,0.30694,1.01825,0.99321,0.98792,0.99399,0.92177,0.99374,0.98845,0.99423,0.99305,0.46454,0.03557,0.0006,0.21651,1.00927,0.026139,0.008713,0.026139,0.008713,0.026139,0.008713,0.026139,0.008713
28,8853.29,0.46975,0.06105,0.02664,0.30746,1.0186,0.99362,0.9884,0.99403,0.9219,0.99407,0.98884,0.99422,0.99336,0.47134,0.03555,0.00073,0.22722,1.00859,0.0259905,0.0086635,0.0259905,0.0086635,0.0259905,0.0086635,0.0259905,0.0086635
29,9106.08,0.46777,0.05774,0.02708,0.30341,1.01751,0.99453,0.98813,0.99396,0.92508,0.99488,0.98922,0.99419,0.99337,0.43667,0.03205,0.00074,0.21779,0.99293,0.025842,0.008614,0.025842,0.008614,0.025842,0.008614,0.025842,0.008614
30,9356.46,0.46343,0.05613,0.02661,0.30281,1.01539,0.99286,0.98936,0.99377,0.92576,0.99321,0.98971,0.99387,0.99306,0.43453,0.03232,0.00057,0.20575,0.99105,0.0256935,0.0085645,0.0256935,0.0085645,0.0256935,0.0085645,0.0256935,0.0085645
31,9606.79,0.46155,0.05693,0.02737,0.30002,1.01443,0.99395,0.99054,0.99399,0.92092,0.99421,0.9908,0.99423,0.9934,0.46998,0.03226,0.00125,0.20945,1.01136,0.025545,0.008515,0.025545,0.008515,0.025545,0.008515,0.025545,0.008515
32,9855.93,0.45467,0.05268,0.02567,0.29755,1.00962,0.99515,0.98927,0.99392,0.92825,0.99498,0.98966,0.99405,0.99336,0.43303,0.03153,0.00121,0.21237,0.98996,0.0253965,0.0084655,0.0253965,0.0084655,0.0253965,0.0084655,0.0253965,0.0084655
33,10103,0.45165,0.05185,0.02476,0.29391,1.00998,0.99474,0.98875,0.994,0.92963,0.99369,0.99082,0.99418,0.99328,0.43979,0.03102,0.0006,0.20391,0.99568,0.025248,0.008416,0.025248,0.008416,0.025248,0.008416,0.025248,0.008416
34,10350.6,0.44871,0.05272,0.02531,0.29383,1.00219,0.99513,0.98884,0.99399,0.92854,0.99557,0.98927,0.99417,0.99333,0.43483,0.0311,0.00074,0.19998,0.99178,0.0250995,0.0083665,0.0250995,0.0083665,0.0250995,0.0083665,0.0250995,0.0083665
35,10598.3,0.44735,0.0536,0.0251,0.29422,1.00297,0.99498,0.9899,0.99419,0.93023,0.99551,0.99043,0.99434,0.9935,0.40879,0.03084,0.00138,0.19792,0.98051,0.024951,0.008317,0.024951,0.008317,0.024951,0.008317,0.024951,0.008317
36,10846.4,0.44399,0.0527,0.02464,0.2918,1.00113,0.99594,0.98962,0.9942,0.92465,0.99599,0.99006,0.99431,0.99358,0.44664,0.03104,0.00087,0.19728,0.99533,0.0248025,0.0082675,0.0248025,0.0082675,0.0248025,0.0082675,0.0248025,0.0082675
37,11093.4,0.44024,0.05221,0.02311,0.28758,0.99954,0.99475,0.99263,0.99413,0.93079,0.99526,0.99302,0.99438,0.99364,0.40994,0.0295,0.00039,0.20868,0.97669,0.024654,0.008218,0.024654,0.008218,0.024654,0.008218,0.024654,0.008218
38,11341,0.43899,0.05087,0.0233,0.28828,0.9967,0.99474,0.99169,0.99421,0.93045,0.99467,0.99215,0.99431,0.99365,0.41039,0.02798,0.00044,0.18934,0.97964,0.0245055,0.0081685,0.0245055,0.0081685,0.0245055,0.0081685,0.0245055,0.0081685
39,11588.8,0.43925,0.05077,0.02315,0.28669,0.99652,0.99413,0.99191,0.99416,0.92987,0.99474,0.99252,0.99427,0.99371,0.41454,0.02883,0.00066,0.19187,0.97953,0.024357,0.008119,0.024357,0.008119,0.024357,0.008119,0.024357,0.008119
40,11835.3,0.43331,0.04924,0.0227,0.28334,0.99608,0.99432,0.99163,0.99406,0.92987,0.99485,0.99215,0.99424,0.99359,0.42417,0.02855,0.00043,0.20462,0.98173,0.0242085,0.0080695,0.0242085,0.0080695,0.0242085,0.0080695,0.0242085,0.0080695
41,12081.9,0.43491,0.04775,0.02186,0.28462,0.99658,0.99517,0.99124,0.99419,0.93347,0.99552,0.99159,0.99435,0.99371,0.40401,0.02783,0.00054,0.18594,0.97473,0.02406,0.00802,0.02406,0.00802,0.02406,0.00802,0.02406,0.00802
42,12328.9,0.42986,0.04721,0.02175,0.27878,0.99226,0.99679,0.99084,0.99433,0.9341,0.99705,0.99119,0.9944,0.99374,0.39901,0.02807,0.00037,0.183,0.97394,0.0239115,0.0079705,0.0239115,0.0079705,0.0239115,0.0079705,0.0239115,0.0079705
43,12576.8,0.42842,0.04784,0.02213,0.28074,0.99153,0.99495,0.99224,0.99423,0.93541,0.99518,0.99252,0.99436,0.99378,0.40195,0.02877,0.00034,0.18412,0.97441,0.023763,0.007921,0.023763,0.007921,0.023763,0.007921,0.023763,0.007921
44,12825.6,0.42406,0.04684,0.02102,0.2783,0.98915,0.99542,0.99189,0.99406,0.93531,0.99586,0.99215,0.99418,0.99362,0.38491,0.028,0.00041,0.17982,0.96623,0.0236145,0.0078715,0.0236145,0.0078715,0.0236145,0.0078715,0.0236145,0.0078715
45,13072.8,0.42412,0.04745,0.0212,0.27864,0.98981,0.99595,0.99171,0.99419,0.93492,0.99625,0.99224,0.99433,0.99363,0.4114,0.02755,0.0005,0.19342,0.97627,0.023466,0.007822,0.023466,0.007822,0.023466,0.007822,0.023466,0.007822
46,13320.3,0.42037,0.04628,0.02159,0.27697,0.98651,0.99552,0.99176,0.99428,0.93313,0.99648,0.99203,0.99438,0.99385,0.42546,0.0268,0.00041,0.18777,0.98265,0.0233175,0.0077725,0.0233175,0.0077725,0.0233175,0.0077725,0.0233175,0.0077725
47,13568,0.41853,0.04653,0.02004,0.27464,0.98389,0.99523,0.99302,0.99436,0.93495,0.99562,0.99346,0.99446,0.99393,0.41875,0.02714,0.00028,0.19313,0.98409,0.023169,0.007723,0.023169,0.007723,0.023169,0.007723,0.023169,0.007723
48,13815.4,0.4201,0.04473,0.02039,0.27683,0.98665,0.99605,0.99247,0.99429,0.93588,0.9964,0.99282,0.9944,0.99379,0.417,0.02761,0.00034,0.19876,0.97855,0.0230205,0.0076735,0.0230205,0.0076735,0.0230205,0.0076735,0.0230205,0.0076735
49,14063.8,0.41492,0.04377,0.01978,0.27167,0.98482,0.99611,0.99259,0.99431,0.93659,0.99649,0.99311,0.99442,0.99389,0.39549,0.02742,0.00037,0.18818,0.97071,0.022872,0.007624,0.022872,0.007624,0.022872,0.007624,0.022872,0.007624
50,14312.6,0.41198,0.04313,0.01902,0.27113,0.98219,0.99701,0.99227,0.99424,0.93755,0.99736,0.99265,0.99441,0.99385,0.40937,0.02722,0.0004,0.18814,0.97651,0.0227235,0.0075745,0.0227235,0.0075745,0.0227235,0.0075745,0.0227235,0.0075745
51,14560.8,0.41329,0.04391,0.01818,0.26995,0.98289,0.99502,0.99373,0.99432,0.9365,0.99562,0.9938,0.99443,0.99391,0.40464,0.02802,0.0008,0.18392,0.97412,0.022575,0.007525,0.022575,0.007525,0.022575,0.007525,0.022575,0.007525
52,14808,0.4115,0.04262,0.01829,0.26894,0.97941,0.9965,0.99233,0.99425,0.93629,0.99681,0.99259,0.99432,0.99381,0.40851,0.02723,0.00049,0.18943,0.97283,0.0224265,0.0074755,0.0224265,0.0074755,0.0224265,0.0074755,0.0224265,0.0074755
53,15054.9,0.40564,0.04175,0.01915,0.26637,0.98163,0.99745,0.99241,0.99438,0.93999,0.99771,0.99267,0.99443,0.99399,0.40538,0.02679,0.00036,0.18642,0.97845,0.022278,0.007426,0.022278,0.007426,0.022278,0.007426,0.022278,0.007426
54,15302.6,0.40559,0.04233,0.0198,0.26389,0.97866,0.99714,0.99233,0.99445,0.9387,0.9974,0.99259,0.99451,0.99402,0.37761,0.02675,0.00034,0.18629,0.96092,0.0221295,0.0073765,0.0221295,0.0073765,0.0221295,0.0073765,0.0221295,0.0073765
55,15550,0.40619,0.04299,0.01911,0.26454,0.97983,0.99622,0.99241,0.9943,0.93748,0.99657,0.99276,0.99442,0.99391,0.38977,0.02716,0.00043,0.19223,0.96409,0.021981,0.007327,0.021981,0.007327,0.021981,0.007327,0.021981,0.007327
56,15796.9,0.40466,0.04219,0.02006,0.26809,0.97726,0.99692,0.99265,0.99437,0.9371,0.99719,0.99291,0.99447,0.994,0.38705,0.02597,0.00049,0.18237,0.96377,0.0218325,0.0072775,0.0218325,0.0072775,0.0218325,0.0072775,0.0218325,0.0072775
57,16043.3,0.40045,0.04251,0.01893,0.26661,0.97599,0.99641,0.99259,0.99441,0.94034,0.99667,0.99285,0.99451,0.99405,0.37514,0.02501,0.00047,0.17405,0.95979,0.021684,0.007228,0.021684,0.007228,0.021684,0.007228,0.021684,0.007228
58,16290.6,0.40114,0.04103,0.01803,0.26331,0.97712,0.99631,0.99258,0.99427,0.93978,0.99658,0.99276,0.9944,0.99395,0.37608,0.02542,0.00054,0.18101,0.96033,0.0215355,0.0071785,0.0215355,0.0071785,0.0215355,0.0071785,0.0215355,0.0071785
59,16538.5,0.40094,0.04204,0.01872,0.26546,0.97305,0.99647,0.99281,0.99441,0.9397,0.99665,0.99311,0.9945,0.99406,0.38076,0.02516,0.00033,0.17121,0.96271,0.021387,0.007129,0.021387,0.007129,0.021387,0.007129,0.021387,0.007129
60,16785.9,0.39811,0.04047,0.01712,0.26261,0.97334,0.99675,0.99163,0.99436,0.94026,0.99674,0.99195,0.99445,0.99404,0.38008,0.02578,0.00035,0.17285,0.96373,0.0212385,0.0070795,0.0212385,0.0070795,0.0212385,0.0070795,0.0212385,0.0070795
61,17033.9,0.3955,0.03983,0.01705,0.25901,0.97084,0.99623,0.99329,0.99433,0.93929,0.99649,0.99355,0.99445,0.994,0.39007,0.02538,0.00037,0.17415,0.96437,0.02109,0.00703,0.02109,0.00703,0.02109,0.00703,0.02109,0.00703
62,17281.9,0.39612,0.04021,0.01698,0.26018,0.97245,0.99554,0.99401,0.99427,0.94168,0.9958,0.99427,0.99439,0.99394,0.383,0.02548,0.00037,0.17376,0.96188,0.0209415,0.0069805,0.0209415,0.0069805,0.0209415,0.0069805,0.0209415,0.0069805
63,17531.4,0.3981,0.03991,0.01683,0.2624,0.97312,0.99641,0.9932,0.99429,0.94054,0.99677,0.99355,0.99442,0.994,0.3775,0.02534,0.00047,0.17163,0.95998,0.020793,0.006931,0.020793,0.006931,0.020793,0.006931,0.020793,0.006931
64,17779,0.39303,0.03983,0.01743,0.25669,0.97004,0.99724,0.99285,0.99441,0.94023,0.99588,0.99512,0.99452,0.9941,0.39061,0.02552,0.00037,0.17214,0.9667,0.0206445,0.0068815,0.0206445,0.0068815,0.0206445,0.0068815,0.0206445,0.0068815
65,18026.4,0.39062,0.04052,0.01662,0.25655,0.96607,0.99676,0.99337,0.99438,0.94055,0.99702,0.99373,0.9945,0.9941,0.39039,0.02522,0.00043,0.16958,0.96636,0.020496,0.006832,0.020496,0.006832,0.020496,0.006832,0.020496,0.006832
66,18304.9,0.38988,0.03825,0.01662,0.25778,0.96738,0.99731,0.99346,0.99438,0.94163,0.99754,0.99386,0.99448,0.99406,0.37923,0.0254,0.00035,0.16716,0.96145,0.0203475,0.0067825,0.0203475,0.0067825,0.0203475,0.0067825,0.0203475,0.0067825
67,18554.2,0.38707,0.03919,0.01654,0.25375,0.96647,0.99736,0.99353,0.99436,0.94169,0.99763,0.99387,0.99444,0.99398,0.38402,0.02599,0.0004,0.17032,0.96235,0.020199,0.006733,0.020199,0.006733,0.020199,0.006733,0.020199,0.006733
68,18802.8,0.38861,0.03956,0.01708,0.25649,0.9661,0.99632,0.99441,0.99426,0.94258,0.99675,0.99468,0.99441,0.99401,0.38271,0.02583,0.00045,0.1703,0.96137,0.0200505,0.0066835,0.0200505,0.0066835,0.0200505,0.0066835,0.0200505,0.0066835
69,19051.3,0.38851,0.03832,0.01623,0.2552,0.96573,0.99754,0.99444,0.99445,0.94211,0.99781,0.9947,0.99452,0.99417,0.37642,0.02493,0.00042,0.16643,0.95912,0.019902,0.006634,0.019902,0.006634,0.019902,0.006634,0.019902,0.006634
70,19299.8,0.38714,0.0378,0.01611,0.254,0.96497,0.9972,0.99433,0.99444,0.9426,0.99746,0.99459,0.99452,0.99413,0.36848,0.02496,0.00041,0.16277,0.9562,0.0197535,0.0065845,0.0197535,0.0065845,0.0197535,0.0065845,0.0197535,0.0065845
71,19548,0.38366,0.0364,0.01504,0.25161,0.96316,0.99693,0.99411,0.99452,0.94365,0.99728,0.99445,0.99457,0.99422,0.37039,0.02487,0.00044,0.16284,0.95666,0.019605,0.006535,0.019605,0.006535,0.019605,0.006535,0.019605,0.006535
72,19796.7,0.38498,0.03793,0.01577,0.25386,0.96293,0.99711,0.99329,0.99447,0.94305,0.99745,0.99372,0.99452,0.99415,0.37222,0.02447,0.00041,0.16278,0.95745,0.0194565,0.0064855,0.0194565,0.0064855,0.0194565,0.0064855,0.0194565,0.0064855
73,20044.2,0.38092,0.03683,0.01605,0.24904,0.96439,0.99728,0.99398,0.99442,0.94367,0.99754,0.99424,0.9945,0.99416,0.3726,0.02436,0.00038,0.16281,0.95699,0.019308,0.006436,0.019308,0.006436,0.019308,0.006436,0.019308,0.006436
74,20292,0.382,0.03768,0.01616,0.25084,0.96156,0.99618,0.99477,0.99437,0.9434,0.99637,0.99494,0.99447,0.99408,0.36971,0.02439,0.00036,0.16155,0.95641,0.0191595,0.0063865,0.0191595,0.0063865,0.0191595,0.0063865,0.0191595,0.0063865
75,20542.2,0.38234,0.03758,0.01515,0.25025,0.95901,0.99736,0.99319,0.99444,0.94256,0.99754,0.99337,0.99452,0.99417,0.37344,0.02383,0.00029,0.16271,0.95737,0.019011,0.006337,0.019011,0.006337,0.019011,0.006337,0.019011,0.006337
76,20792,0.37798,0.03733,0.01518,0.24644,0.95901,0.9958,0.99428,0.99447,0.94474,0.99663,0.9939,0.99455,0.99419,0.36532,0.02385,0.00031,0.17298,0.95215,0.0188625,0.0062875,0.0188625,0.0062875,0.0188625,0.0062875,0.0188625,0.0062875
77,21041.4,0.37705,0.03546,0.0147,0.2482,0.95977,0.99779,0.99329,0.99448,0.94554,0.99775,0.99381,0.99455,0.99422,0.35651,0.02364,0.00028,0.1664,0.94997,0.018714,0.006238,0.018714,0.006238,0.018714,0.006238,0.018714,0.006238
78,21291.1,0.3785,0.03563,0.01464,0.24724,0.95983,0.99702,0.99437,0.99449,0.94512,0.99728,0.99463,0.99457,0.9942,0.35815,0.0236,0.0004,0.17918,0.9492,0.0185655,0.0061885,0.0185655,0.0061885,0.0185655,0.0061885,0.0185655,0.0061885
79,21540.6,0.37575,0.03673,0.01599,0.24543,0.95877,0.99605,0.99512,0.99437,0.94485,0.99607,0.99537,0.99448,0.99409,0.35359,0.02376,0.00032,0.16324,0.95045,0.018417,0.006139,0.018417,0.006139,0.018417,0.006139,0.018417,0.006139
80,21788.8,0.37649,0.03528,0.01405,0.24801,0.95886,0.99721,0.99459,0.99444,0.94583,0.9973,0.99468,0.99453,0.99418,0.3487,0.02363,0.00033,0.16137,0.9485,0.0182685,0.0060895,0.0182685,0.0060895,0.0182685,0.0060895,0.0182685,0.0060895
81,22037.7,inf,0.03571,0.01528,0.24573,0.95765,0.99616,0.9952,0.99444,0.94581,0.99642,0.9955,0.99453,0.99419,0.34584,0.02344,0.00046,0.1639,0.9468,0.01812,0.00604,0.01812,0.00604,0.01812,0.00604,0.01812,0.00604
82,22285.8,0.37652,0.03484,0.01503,0.24701,0.95785,0.99728,0.99378,0.99439,0.94537,0.99737,0.99387,0.99447,0.99417,0.34733,0.02328,0.0003,0.15696,0.94823,0.0179715,0.0059905,0.0179715,0.0059905,0.0179715,0.0059905,0.0179715,0.0059905
83,22534.3,0.37083,0.03495,0.01542,0.24237,0.95453,0.99717,0.99442,0.99446,0.94571,0.99718,0.99451,0.99454,0.99424,0.34644,0.02326,0.00026,0.15605,0.94793,0.017823,0.005941,0.017823,0.005941,0.017823,0.005941,0.017823,0.005941
84,22782.4,0.37136,0.03437,0.01507,0.24426,0.95472,0.99685,0.99442,0.99446,0.9455,0.99693,0.99451,0.99454,0.99422,0.35047,0.02346,0.00027,0.15751,0.94882,0.0176745,0.0058915,0.0176745,0.0058915,0.0176745,0.0058915,0.0176745,0.0058915
85,23030.1,0.37187,0.03563,0.01481,0.24484,0.95676,0.99667,0.99492,0.99445,0.94639,0.99676,0.99501,0.99452,0.99419,0.3478,0.02343,0.00026,0.15588,0.94828,0.017526,0.005842,0.017526,0.005842,0.017526,0.005842,0.017526,0.005842
86,23278,0.36586,0.03395,0.01455,0.24148,0.95318,0.99659,0.99514,0.99452,0.9466,0.99668,0.99523,0.99459,0.99427,0.34588,0.02332,0.00026,0.15437,0.94789,0.0173775,0.0057925,0.0173775,0.0057925,0.0173775,0.0057925,0.0173775,0.0057925
87,23527.3,0.36722,0.03488,0.0148,0.24218,0.95289,0.99728,0.99384,0.99452,0.94665,0.99763,0.99419,0.9946,0.99427,0.34513,0.02323,0.00025,0.15368,0.9472,0.017229,0.005743,0.017229,0.005743,0.017229,0.005743,0.017229,0.005743
88,23776.4,0.36419,0.0336,0.0145,0.23812,0.95179,0.99714,0.99468,0.99454,0.94665,0.99781,0.99461,0.9946,0.9943,0.3457,0.02309,0.00025,0.15339,0.94721,0.0170805,0.0056935,0.0170805,0.0056935,0.0170805,0.0056935,0.0170805,0.0056935
89,24025.6,0.36688,0.0344,0.01354,0.24032,0.95501,0.99693,0.99471,0.99447,0.94622,0.99726,0.99494,0.99453,0.99422,0.34694,0.02311,0.00026,0.15455,0.94714,0.016932,0.005644,0.016932,0.005644,0.016932,0.005644,0.016932,0.005644
90,24274.4,0.36635,0.03477,0.01394,0.24022,0.95348,0.99676,0.9951,0.99447,0.94701,0.9972,0.99494,0.99453,0.99425,0.34731,0.02305,0.00027,0.15954,0.94674,0.0167835,0.0055945,0.0167835,0.0055945,0.0167835,0.0055945,0.0167835,0.0055945
91,24524,0.36555,0.03373,0.01448,0.24027,0.95294,0.99719,0.99457,0.99455,0.94727,0.99737,0.99474,0.99462,0.99432,0.34553,0.02296,0.00029,0.16046,0.94616,0.016635,0.005545,0.016635,0.005545,0.016635,0.005545,0.016635,0.005545
92,24773.2,0.361,0.03354,0.01446,0.23633,0.94984,0.99711,0.99462,0.99457,0.94725,0.99728,0.99479,0.99463,0.99432,0.34764,0.02297,0.00028,0.15514,0.94682,0.0164865,0.0054955,0.0164865,0.0054955,0.0164865,0.0054955,0.0164865,0.0054955
93,25021.7,0.36077,0.03276,0.01362,0.23764,0.94956,0.99625,0.99538,0.99445,0.94762,0.99685,0.99501,0.99458,0.99425,0.34869,0.02306,0.00027,0.15669,0.94691,0.016338,0.005446,0.016338,0.005446,0.016338,0.005446,0.016338,0.005446
94,25272,0.35784,0.03274,0.0133,0.23637,0.94872,0.99633,0.99523,0.99454,0.948,0.99763,0.99414,0.9946,0.99431,0.34665,0.02298,0.00027,0.15473,0.94626,0.0161895,0.0053965,0.0161895,0.0053965,0.0161895,0.0053965,0.0161895,0.0053965
95,25522.2,0.35761,0.03216,0.01368,0.23648,0.94873,0.99636,0.99512,0.99452,0.94831,0.99693,0.99466,0.99459,0.99428,0.34618,0.0231,0.00027,0.155,0.94619,0.016041,0.005347,0.016041,0.005347,0.016041,0.005347,0.016041,0.005347
96,25771.3,0.35929,0.03233,0.01337,0.23581,0.94933,0.99676,0.99505,0.99451,0.94816,0.99705,0.99512,0.99458,0.99428,0.34538,0.0231,0.00026,0.15409,0.9461,0.0158925,0.0052975,0.0158925,0.0052975,0.0158925,0.0052975,0.0158925,0.0052975
97,26019.6,0.35766,0.03345,0.0133,0.23471,0.94646,0.99714,0.99512,0.99448,0.94819,0.99737,0.99494,0.99455,0.99426,0.34366,0.0231,0.00027,0.15316,0.94589,0.015744,0.005248,0.015744,0.005248,0.015744,0.005248,0.015744,0.005248
98,26267.5,0.35724,0.03281,0.01231,0.23513,0.94771,0.99701,0.99512,0.99443,0.94836,0.99781,0.99474,0.99451,0.99422,0.34147,0.023,0.00026,0.1538,0.94539,0.0155955,0.0051985,0.0155955,0.0051985,0.0155955,0.0051985,0.0155955,0.0051985
99,26515.2,0.35421,0.03136,0.01367,0.23342,0.94721,0.99737,0.99472,0.9944,0.9488,0.99755,0.99489,0.99448,0.99418,0.33968,0.02292,0.00024,0.15444,0.94472,0.015447,0.005149,0.015447,0.005149,0.015447,0.005149,0.015447,0.005149
100,26763.5,0.35605,0.03179,0.01384,0.2321,0.94802,0.99763,0.99475,0.99437,0.94888,0.99781,0.99493,0.99448,0.99415,0.33993,0.02296,0.00024,0.15655,0.9443,0.0152985,0.0050995,0.0152985,0.0050995,0.0152985,0.0050995,0.0152985,0.0050995
101,27012.3,0.35342,0.03151,0.01257,0.23294,0.94357,0.99746,0.99477,0.99446,0.94872,0.99764,0.99494,0.99452,0.99423,0.33755,0.02282,0.00023,0.15268,0.94371,0.01515,0.00505,0.01515,0.00505,0.01515,0.00505,0.01515,0.00505
102,27260.9,0.35056,0.03098,0.01226,0.23382,0.94547,0.99694,0.99547,0.99447,0.9484,0.99746,0.99515,0.99452,0.9942,0.3351,0.02274,0.00024,0.14963,0.94328,0.0150015,0.0050005,0.0150015,0.0050005,0.0150015,0.0050005,0.0150015,0.0050005
103,27509.1,0.35172,0.03098,0.01301,0.23298,0.94571,0.99709,0.99529,0.99442,0.94852,0.99754,0.9952,0.99447,0.99417,0.33358,0.02267,0.00024,0.14878,0.94295,0.014853,0.004951,0.014853,0.004951,0.014853,0.004951,0.014853,0.004951
104,27756.9,0.35275,0.031,0.01255,0.23265,0.94589,0.99703,0.9954,0.99446,0.94865,0.99781,0.99491,0.99451,0.99421,0.33275,0.0226,0.00023,0.14879,0.94278,0.0147045,0.0049015,0.0147045,0.0049015,0.0147045,0.0049015,0.0147045,0.0049015
105,28004.6,0.35018,0.03079,0.01314,0.22937,0.94402,0.99711,0.99541,0.99443,0.94856,0.99776,0.99486,0.99448,0.99417,0.33237,0.02259,0.00023,0.14855,0.94262,0.014556,0.004852,0.014556,0.004852,0.014556,0.004852,0.014556,0.004852
106,28251.9,0.34685,0.03011,0.01292,0.22797,0.94209,0.99709,0.99555,0.99442,0.94882,0.99718,0.99564,0.99449,0.9942,0.3317,0.02249,0.00024,0.14848,0.94246,0.0144075,0.0048025,0.0144075,0.0048025,0.0144075,0.0048025,0.0144075,0.0048025
107,28500.2,0.34787,0.03026,0.01273,0.22822,0.94257,0.99717,0.99555,0.99434,0.94906,0.99726,0.99564,0.99441,0.9941,0.33133,0.0226,0.00023,0.14836,0.94227,0.014259,0.004753,0.014259,0.004753,0.014259,0.004753,0.014259,0.004753
108,28749,0.34439,0.0286,0.01207,0.22836,0.94362,0.99777,0.99494,0.99447,0.94923,0.99746,0.99563,0.99454,0.99423,0.33179,0.02263,0.00023,0.14908,0.94222,0.0141105,0.0047035,0.0141105,0.0047035,0.0141105,0.0047035,0.0141105,0.0047035
109,28999.2,0.35108,0.03027,0.01254,0.23189,0.9433,0.99784,0.99494,0.99448,0.94928,0.99738,0.99571,0.99454,0.99423,0.33161,0.02263,0.00023,0.1488,0.94213,0.013962,0.004654,0.013962,0.004654,0.013962,0.004654,0.013962,0.004654
110,29248.9,0.34657,0.03068,0.01239,0.22748,0.93945,0.99798,0.995,0.99447,0.94935,0.99729,0.99591,0.99455,0.99422,0.33113,0.02259,0.00022,0.14822,0.942,0.0138135,0.0046045,0.0138135,0.0046045,0.0138135,0.0046045,0.0138135,0.0046045
111,29499.2,0.34568,0.02982,0.01254,0.22746,0.94094,0.99762,0.99529,0.99443,0.94916,0.99766,0.99564,0.99452,0.9942,0.33118,0.02263,0.00022,0.14791,0.94193,0.013665,0.004555,0.013665,0.004555,0.013665,0.004555,0.013665,0.004555
112,29747.8,0.34366,0.02985,0.01284,0.22684,0.94149,0.99759,0.9952,0.9944,0.94902,0.99764,0.99581,0.9945,0.99417,0.33147,0.02263,0.0002,0.14806,0.94186,0.0135165,0.0045055,0.0135165,0.0045055,0.0135165,0.0045055,0.0135165,0.0045055
113,29996.7,0.34091,0.02836,0.01206,0.22559,0.93837,0.99755,0.99521,0.99443,0.94898,0.99764,0.99588,0.99453,0.99421,0.33197,0.02261,0.00021,0.14932,0.9418,0.013368,0.004456,0.013368,0.004456,0.013368,0.004456,0.013368,0.004456
114,30245,0.34135,0.02997,0.01208,0.22362,0.93744,0.99755,0.99528,0.99442,0.94904,0.99757,0.9959,0.99453,0.99421,0.33286,0.02257,0.00021,0.15252,0.94173,0.0132195,0.0044065,0.0132195,0.0044065,0.0132195,0.0044065,0.0132195,0.0044065
115,30493.1,0.34038,0.02854,0.01163,0.22526,0.93837,0.99798,0.99511,0.99443,0.94931,0.99731,0.99581,0.99453,0.99422,0.33289,0.02253,0.0002,0.15148,0.94179,0.013071,0.004357,0.013071,0.004357,0.013071,0.004357,0.013071,0.004357
116,30741.3,0.33957,0.02839,0.01099,0.22481,0.93741,0.99798,0.99501,0.99437,0.94921,0.99738,0.99577,0.99449,0.99419,0.3324,0.02248,0.00019,0.15029,0.94167,0.0129225,0.0043075,0.0129225,0.0043075,0.0129225,0.0043075,0.0129225,0.0043075
117,30989.1,0.33793,0.02832,0.01182,0.22337,0.93724,0.99798,0.99501,0.99449,0.94947,0.99746,0.99573,0.99457,0.99428,0.33231,0.02248,0.00019,0.14966,0.94163,0.012774,0.004258,0.012774,0.004258,0.012774,0.004258,0.012774,0.004258
118,31237.6,0.34057,0.02978,0.01201,0.22632,0.94052,0.99807,0.99495,0.99446,0.94963,0.9977,0.99547,0.99455,0.99427,0.33212,0.02243,0.00019,0.15028,0.94157,0.0126255,0.0042085,0.0126255,0.0042085,0.0126255,0.0042085,0.0126255,0.0042085
119,31486.5,0.33873,0.02838,0.01189,0.22266,0.93678,0.99801,0.99486,0.99435,0.94969,0.99767,0.99538,0.99447,0.99415,0.33157,0.02242,0.00019,0.15029,0.94137,0.012477,0.004159,0.012477,0.004159,0.012477,0.004159,0.012477,0.004159
120,31734.6,0.33633,0.0281,0.01136,0.22212,0.93527,0.99807,0.99486,0.99444,0.94973,0.99765,0.99573,0.99453,0.99422,0.3313,0.0224,0.00019,0.1503,0.94128,0.0123285,0.0041095,0.0123285,0.0041095,0.0123285,0.0041095,0.0123285,0.0041095
121,31983.1,0.33454,0.02782,0.0114,0.22228,0.93397,0.99816,0.99483,0.99437,0.94969,0.99816,0.99494,0.99448,0.99414,0.33134,0.02241,0.00018,0.15033,0.94133,0.01218,0.00406,0.01218,0.00406,0.01218,0.00406,0.01218,0.00406
122,32230.8,0.33138,0.02793,0.01127,0.21921,0.93356,0.99813,0.99503,0.99437,0.94968,0.99825,0.99519,0.99449,0.99415,0.33141,0.02241,0.00019,0.15009,0.94134,0.0120315,0.0040105,0.0120315,0.0040105,0.0120315,0.0040105,0.0120315,0.0040105
123,32478.5,0.3317,0.02752,0.01098,0.21928,0.93298,0.99812,0.99512,0.99437,0.9496,0.99798,0.99539,0.99448,0.99416,0.33105,0.02237,0.00018,0.14997,0.94128,0.011883,0.003961,0.011883,0.003961,0.011883,0.003961,0.011883,0.003961
124,32727.1,0.32974,0.02595,0.01162,0.22039,0.93308,0.99806,0.99512,0.99439,0.94996,0.99806,0.99547,0.99449,0.99417,0.33073,0.02236,0.00019,0.14925,0.94124,0.0117345,0.0039115,0.0117345,0.0039115,0.0117345,0.0039115,0.0117345,0.0039115
125,32975.7,0.33045,0.0279,0.0109,0.21863,0.93186,0.99794,0.99512,0.99438,0.94999,0.99802,0.99547,0.99448,0.99415,0.33059,0.02229,0.00018,0.14882,0.94121,0.011586,0.003862,0.011586,0.003862,0.011586,0.003862,0.011586,0.003862
126,33226.2,0.33122,0.02704,0.01119,0.21965,0.93369,0.99786,0.9952,0.99439,0.94984,0.99798,0.99543,0.99449,0.99417,0.33039,0.02228,0.00018,0.14822,0.94112,0.0114375,0.0038125,0.0114375,0.0038125,0.0114375,0.0038125,0.0114375,0.0038125
127,33476,0.32998,0.02641,0.01082,0.21923,0.9317,0.9979,0.99522,0.99442,0.95003,0.99807,0.99546,0.99451,0.99421,0.33005,0.02228,0.00018,0.14775,0.94107,0.011289,0.003763,0.011289,0.003763,0.011289,0.003763,0.011289,0.003763
128,33725.2,0.32935,0.02635,0.01165,0.21573,0.93179,0.99795,0.9952,0.99437,0.95006,0.99807,0.99545,0.9945,0.99418,0.32991,0.02224,0.00018,0.14702,0.941,0.0111405,0.0037135,0.0111405,0.0037135,0.0111405,0.0037135,0.0111405,0.0037135
129,33974.3,0.32817,0.02691,0.01043,0.21688,0.93157,0.99809,0.9952,0.99437,0.95002,0.99811,0.99547,0.99449,0.99419,0.32971,0.02221,0.00018,0.14672,0.94094,0.010992,0.003664,0.010992,0.003664,0.010992,0.003664,0.010992,0.003664
130,34222.6,0.32737,0.02578,0.0102,0.21819,0.933,0.99816,0.99518,0.99438,0.94972,0.99802,0.99547,0.9945,0.99419,0.3295,0.02214,0.00018,0.14653,0.94084,0.0108435,0.0036145,0.0108435,0.0036145,0.0108435,0.0036145,0.0108435,0.0036145
131,34472.1,0.32621,0.02655,0.0109,0.21528,0.93029,0.99807,0.99512,0.99444,0.95,0.99807,0.99549,0.99453,0.99424,0.3294,0.02212,0.00018,0.14633,0.94078,0.010695,0.003565,0.010695,0.003565,0.010695,0.003565,0.010695,0.003565
132,34722,0.32637,0.02722,0.01071,0.21566,0.93132,0.99807,0.99512,0.99443,0.95033,0.99798,0.99563,0.99452,0.99424,0.32933,0.02206,0.00018,0.14592,0.9408,0.0105465,0.0035155,0.0105465,0.0035155,0.0105465,0.0035155,0.0105465,0.0035155
133,34971.5,0.32437,0.02597,0.01031,0.21644,0.93299,0.9979,0.9953,0.99444,0.95028,0.9979,0.99568,0.99452,0.99423,0.32926,0.02208,0.00017,0.14564,0.94085,0.010398,0.003466,0.010398,0.003466,0.010398,0.003466,0.010398,0.003466
134,35219.1,0.32203,0.02491,0.01047,0.21299,0.92921,0.9979,0.9953,0.99442,0.95033,0.99781,0.99574,0.99451,0.99424,0.32915,0.02213,0.00017,0.1452,0.94086,0.0102495,0.0034165,0.0102495,0.0034165,0.0102495,0.0034165,0.0102495,0.0034165
135,35466.3,0.32187,0.02591,0.01025,0.21277,0.92918,0.99826,0.99486,0.99442,0.95033,0.9979,0.99564,0.99451,0.99422,0.32896,0.02214,0.00017,0.14511,0.94079,0.010101,0.003367,0.010101,0.003367,0.010101,0.003367,0.010101,0.003367
136,35713.8,0.32236,0.02589,0.00979,0.21359,0.92854,0.99809,0.99503,0.99443,0.95038,0.9979,0.99589,0.99451,0.99422,0.32876,0.02211,0.00017,0.14489,0.94071,0.0099525,0.0033175,0.0099525,0.0033175,0.0099525,0.0033175,0.0099525,0.0033175
137,35960.9,0.32058,0.02561,0.01024,0.21168,0.92851,0.99781,0.99545,0.99442,0.95021,0.99798,0.99565,0.9945,0.99422,0.32839,0.02206,0.00017,0.14461,0.94055,0.009804,0.003268,0.009804,0.003268,0.009804,0.003268,0.009804,0.003268
138,36207.5,0.31896,0.02463,0.01027,0.21011,0.92663,0.99781,0.9955,0.99441,0.95051,0.99799,0.99569,0.9945,0.99423,0.32807,0.02205,0.00017,0.14412,0.94041,0.0096555,0.0032185,0.0096555,0.0032185,0.0096555,0.0032185,0.0096555,0.0032185
139,36456.2,0.31927,0.02564,0.01055,0.21091,0.92769,0.99781,0.99551,0.99442,0.95044,0.99807,0.99579,0.9945,0.99422,0.32814,0.02205,0.00017,0.14408,0.94043,0.009507,0.003169,0.009507,0.003169,0.009507,0.003169,0.009507,0.003169
140,36709.5,0.31866,0.0257,0.00954,0.21049,0.92723,0.99781,0.99551,0.99443,0.95037,0.99807,0.99579,0.99451,0.99422,0.32807,0.02202,0.00017,0.14408,0.94036,0.0093585,0.0031195,0.0093585,0.0031195,0.0093585,0.0031195,0.0093585,0.0031195
141,36966.7,0.31698,0.02548,0.00951,0.20915,0.92745,0.99781,0.99551,0.9945,0.95074,0.99807,0.99578,0.99459,0.99429,0.32819,0.02201,0.00017,0.14392,0.94034,0.00921,0.00307,0.00921,0.00307,0.00921,0.00307,0.00921,0.00307
142,37220.4,0.31683,0.0248,0.01021,0.21062,0.92347,0.99812,0.99512,0.9945,0.95076,0.99785,0.99599,0.99458,0.99428,0.32833,0.02199,0.00017,0.144,0.94033,0.0090615,0.0030205,0.0090615,0.0030205,0.0090615,0.0030205,0.0090615,0.0030205
143,37473.2,0.31316,0.02395,0.00908,0.20691,0.92472,0.99819,0.99512,0.9945,0.95059,0.99781,0.996,0.99459,0.99431,0.32835,0.022,0.00018,0.14365,0.94025,0.008913,0.002971,0.008913,0.002971,0.008913,0.002971,0.008913,0.002971
144,37733.9,0.31319,0.02402,0.00957,0.20749,0.92393,0.99822,0.99512,0.99449,0.95068,0.99781,0.99599,0.99458,0.9943,0.3283,0.02196,0.00018,0.14372,0.94017,0.0087645,0.0029215,0.0087645,0.0029215,0.0087645,0.0029215,0.0087645,0.0029215
145,38001.6,0.31154,0.0242,0.00895,0.20493,0.92422,0.99823,0.99512,0.99448,0.9507,0.99781,0.996,0.99457,0.99428,0.32825,0.02194,0.00018,0.14352,0.94009,0.008616,0.002872,0.008616,0.002872,0.008616,0.002872,0.008616,0.002872
146,38266.1,0.31351,0.02455,0.00986,0.20508,0.92369,0.99825,0.99513,0.99449,0.95072,0.99851,0.99543,0.99457,0.99428,0.32818,0.02192,0.00018,0.14336,0.94,0.0084675,0.0028225,0.0084675,0.0028225,0.0084675,0.0028225,0.0084675,0.0028225
147,38522.5,0.31131,0.02452,0.0095,0.20569,0.92262,0.99825,0.99515,0.99449,0.95095,0.99833,0.99567,0.99457,0.99431,0.32784,0.02188,0.00018,0.14334,0.93986,0.008319,0.002773,0.008319,0.002773,0.008319,0.002773,0.008319,0.002773
148,38781.1,0.30902,0.02279,0.00961,0.20482,0.92229,0.99825,0.99516,0.99448,0.95098,0.99844,0.99547,0.99456,0.99431,0.32767,0.02187,0.00018,0.14336,0.93981,0.0081705,0.0027235,0.0081705,0.0027235,0.0081705,0.0027235,0.0081705,0.0027235
149,39049.2,0.30933,0.02304,0.00943,0.20377,0.91973,0.99825,0.99515,0.99447,0.9511,0.99851,0.99547,0.99456,0.9943,0.32761,0.02186,0.00018,0.14322,0.93976,0.008022,0.002674,0.008022,0.002674,0.008022,0.002674,0.008022,0.002674
150,39319.7,0.30729,0.02287,0.00897,0.20306,0.92024,0.99825,0.99514,0.99443,0.95114,0.99797,0.99599,0.99453,0.99427,0.32736,0.02184,0.00018,0.14313,0.93968,0.0078735,0.0026245,0.0078735,0.0026245,0.0078735,0.0026245,0.0078735,0.0026245
151,39583.1,0.30901,0.02334,0.00887,0.20484,0.92275,0.99833,0.99502,0.99447,0.95114,0.99844,0.99555,0.99456,0.99431,0.32721,0.02179,0.00018,0.14303,0.93962,0.007725,0.002575,0.007725,0.002575,0.007725,0.002575,0.007725,0.002575
152,39837,0.30934,0.02302,0.00908,0.20237,0.92203,0.99826,0.99494,0.99438,0.95114,0.99835,0.99564,0.99449,0.99422,0.32715,0.02179,0.00019,0.14303,0.93959,0.0075765,0.0025255,0.0075765,0.0025255,0.0075765,0.0025255,0.0075765,0.0025255
153,40093.1,0.30362,0.02246,0.00975,0.20044,0.91934,0.99825,0.99517,0.99437,0.95125,0.99831,0.99564,0.99447,0.99421,0.32702,0.02179,0.00019,0.14315,0.93952,0.007428,0.002476,0.007428,0.002476,0.007428,0.002476,0.007428,0.002476
154,40351.7,0.3037,0.02167,0.00881,0.20184,0.91963,0.99807,0.99541,0.99437,0.95136,0.99833,0.99567,0.99447,0.99421,0.32696,0.02177,0.00019,0.14305,0.93949,0.0072795,0.0024265,0.0072795,0.0024265,0.0072795,0.0024265,0.0072795,0.0024265
155,40608.7,0.30317,0.02254,0.00966,0.20006,0.91774,0.99807,0.99542,0.99437,0.95136,0.99833,0.99568,0.99446,0.99419,0.32675,0.02175,0.00018,0.14292,0.93942,0.007131,0.002377,0.007131,0.002377,0.007131,0.002377,0.007131,0.002377
156,40860.5,0.30314,0.02291,0.00867,0.20154,0.91752,0.99807,0.99542,0.99438,0.95142,0.99833,0.99569,0.99445,0.99419,0.32668,0.02177,0.00018,0.14287,0.93942,0.0069825,0.0023275,0.0069825,0.0023275,0.0069825,0.0023275,0.0069825,0.0023275
157,41113.7,0.30226,0.02238,0.00889,0.19904,0.91806,0.99807,0.99543,0.99438,0.95142,0.99833,0.99569,0.99444,0.9942,0.32665,0.02177,0.00019,0.14274,0.93939,0.006834,0.002278,0.006834,0.002278,0.006834,0.002278,0.006834,0.002278
158,41365,0.29888,0.02138,0.00941,0.20011,0.91931,0.99807,0.99543,0.99437,0.95141,0.99833,0.9957,0.99443,0.99419,0.32659,0.02171,0.00019,0.14259,0.93931,0.0066855,0.0022285,0.0066855,0.0022285,0.0066855,0.0022285,0.0066855,0.0022285
159,41615.9,inf,0.02164,0.00853,0.20067,0.91661,0.99807,0.99542,0.99437,0.95135,0.99833,0.99568,0.99444,0.99419,0.32648,0.02169,0.00019,0.14261,0.93923,0.006537,0.002179,0.006537,0.002179,0.006537,0.002179,0.006537,0.002179
160,41866.9,0.29946,0.02198,0.00907,0.19866,0.91636,0.99807,0.99543,0.99437,0.95121,0.99833,0.99569,0.99443,0.99419,0.32649,0.02173,0.00019,0.14257,0.93925,0.0063885,0.0021295,0.0063885,0.0021295,0.0063885,0.0021295,0.0063885,0.0021295
161,42117.5,0.29742,0.02179,0.00859,0.19612,0.9166,0.99807,0.99539,0.99436,0.9513,0.99833,0.99565,0.99442,0.99418,0.32658,0.02171,0.00019,0.14265,0.93926,0.00624,0.00208,0.00624,0.00208,0.00624,0.00208,0.00624,0.00208
162,42367.8,0.29663,0.02166,0.00858,0.19826,0.9156,0.99797,0.99547,0.99437,0.95143,0.99823,0.99573,0.99442,0.99419,0.32659,0.02169,0.00019,0.14283,0.93923,0.0060915,0.0020305,0.0060915,0.0020305,0.0060915,0.0020305,0.0060915,0.0020305
163,42618.7,0.29928,0.02298,0.00896,0.20024,0.9151,0.99792,0.99547,0.99438,0.95152,0.99818,0.99573,0.99444,0.9942,0.32677,0.02168,0.00019,0.14294,0.93925,0.005943,0.001981,0.005943,0.001981,0.005943,0.001981,0.005943,0.001981
164,42868.4,0.29993,0.02172,0.00856,0.19858,0.91527,0.99781,0.99547,0.99439,0.95155,0.99807,0.99573,0.99445,0.9942,0.32681,0.02169,0.00019,0.14308,0.93926,0.0057945,0.0019315,0.0057945,0.0019315,0.0057945,0.0019315,0.0057945,0.0019315
165,43118.4,0.29128,0.02136,0.00814,0.19443,0.91375,0.99781,0.99548,0.99438,0.95157,0.99807,0.99574,0.99444,0.99419,0.32677,0.02172,0.00019,0.14318,0.93926,0.005646,0.001882,0.005646,0.001882,0.005646,0.001882,0.005646,0.001882
166,43368.6,0.2917,0.02043,0.00833,0.19461,0.91362,0.99781,0.99548,0.99439,0.95159,0.99807,0.99574,0.99445,0.99421,0.32672,0.02169,0.00019,0.14335,0.93926,0.0054975,0.0018325,0.0054975,0.0018325,0.0054975,0.0018325,0.0054975,0.0018325
167,43618.2,0.2928,0.02076,0.00804,0.19341,0.91296,0.99781,0.99551,0.99442,0.95157,0.99781,0.99606,0.99447,0.99423,0.32664,0.02168,0.00019,0.14342,0.9392,0.005349,0.001783,0.005349,0.001783,0.005349,0.001783,0.005349,0.001783
168,43866.6,0.29082,0.02031,0.00805,0.19384,0.91354,0.9978,0.99564,0.99444,0.95166,0.99781,0.99602,0.9945,0.99427,0.32659,0.02171,0.00019,0.14348,0.93919,0.0052005,0.0017335,0.0052005,0.0017335,0.0052005,0.0017335,0.0052005,0.0017335
169,44115.7,0.29103,0.02182,0.00866,0.19475,0.912,0.99775,0.99564,0.99445,0.9516,0.9979,0.99604,0.9945,0.99428,0.32643,0.02169,0.00019,0.1435,0.93914,0.005052,0.001684,0.005052,0.001684,0.005052,0.001684,0.005052,0.001684
170,44364.2,0.28785,0.01993,0.00788,0.19218,0.91185,0.99774,0.99564,0.99445,0.95172,0.9979,0.99607,0.9945,0.99428,0.32656,0.02168,0.0002,0.14387,0.93924,0.0049035,0.0016345,0.0049035,0.0016345,0.0049035,0.0016345,0.0049035,0.0016345
171,44613,inf,0.02065,0.00825,0.19262,0.91203,0.99773,0.99564,0.99446,0.95188,0.99781,0.99608,0.99452,0.99429,0.32647,0.02168,0.0002,0.14402,0.93922,0.004755,0.001585,0.004755,0.001585,0.004755,0.001585,0.004755,0.001585
172,44862.3,0.28861,0.02092,0.00735,0.19233,0.91084,0.99772,0.99572,0.99445,0.95191,0.99781,0.99618,0.99452,0.99429,0.32662,0.02168,0.0002,0.14391,0.93924,0.0046065,0.0015355,0.0046065,0.0015355,0.0046065,0.0015355,0.0046065,0.0015355
173,45110.5,0.28606,0.02047,0.00776,0.18904,0.90911,0.99772,0.99574,0.99446,0.95177,0.99781,0.99624,0.99452,0.99429,0.32667,0.02168,0.00021,0.14391,0.93924,0.004458,0.001486,0.004458,0.001486,0.004458,0.001486,0.004458,0.001486
174,45359.4,0.28521,0.01913,0.00777,0.18974,0.91001,0.99771,0.9959,0.99445,0.95186,0.99781,0.99631,0.99452,0.99429,0.32679,0.0217,0.00021,0.14402,0.9393,0.0043095,0.0014365,0.0043095,0.0014365,0.0043095,0.0014365,0.0043095,0.0014365
175,45608.9,0.28358,0.02083,0.00815,0.18733,0.90996,0.99756,0.9959,0.99445,0.95181,0.99781,0.99623,0.99453,0.9943,0.32681,0.02166,0.00021,0.14415,0.93927,0.004161,0.001387,0.004161,0.001387,0.004161,0.001387,0.004161,0.001387
176,45862.5,0.28393,0.02001,0.00821,0.18769,0.90911,0.99758,0.9959,0.99446,0.95174,0.99781,0.99626,0.99454,0.99429,0.32699,0.02167,0.00021,0.14435,0.93934,0.0040125,0.0013375,0.0040125,0.0013375,0.0040125,0.0013375,0.0040125,0.0013375
177,46117.9,0.28359,0.01998,0.00736,0.18795,0.90973,0.99756,0.9959,0.99442,0.95156,0.99784,0.99625,0.9945,0.99426,0.327,0.02167,0.00021,0.14436,0.93936,0.003864,0.001288,0.003864,0.001288,0.003864,0.001288,0.003864,0.001288
178,46375.5,0.28198,0.02012,0.00719,0.18678,0.90709,0.99764,0.9959,0.99441,0.95177,0.99784,0.99625,0.99449,0.99426,0.32709,0.02175,0.00021,0.14455,0.93941,0.0037155,0.0012385,0.0037155,0.0012385,0.0037155,0.0012385,0.0037155,0.0012385
179,46631.8,0.27837,0.01892,0.00771,0.1853,0.9066,0.99781,0.99564,0.99443,0.95173,0.99781,0.99625,0.99451,0.99428,0.32718,0.02178,0.00021,0.14442,0.9394,0.003567,0.001189,0.003567,0.001189,0.003567,0.001189,0.003567,0.001189
180,46887.9,0.27817,0.01824,0.00719,0.18612,0.9084,0.99781,0.9957,0.99441,0.95172,0.9979,0.9961,0.9945,0.99426,0.32743,0.02178,0.00021,0.14447,0.9395,0.0034185,0.0011395,0.0034185,0.0011395,0.0034185,0.0011395,0.0034185,0.0011395
181,47136.7,0.2789,0.01944,0.00793,0.18539,0.90785,0.99782,0.99564,0.99441,0.95149,0.9979,0.99613,0.99449,0.99425,0.32765,0.02178,0.00021,0.14453,0.93957,0.00327,0.00109,0.00327,0.00109,0.00327,0.00109,0.00327,0.00109
182,47385.3,0.27404,0.01827,0.00734,0.18275,0.90589,0.9979,0.99568,0.9944,0.95146,0.9979,0.99612,0.99448,0.99424,0.32768,0.02175,0.00021,0.14475,0.93959,0.0031215,0.0010405,0.0031215,0.0010405,0.0031215,0.0010405,0.0031215,0.0010405
183,47633.1,0.27527,0.01844,0.00725,0.18311,0.90457,0.9979,0.99564,0.99441,0.9513,0.99799,0.996,0.99449,0.99424,0.32792,0.02175,0.00021,0.14486,0.93965,0.002973,0.000991,0.002973,0.000991,0.002973,0.000991,0.002973,0.000991
184,47879.9,0.27589,0.01907,0.00714,0.18222,0.90438,0.9979,0.99559,0.99442,0.9512,0.99799,0.99599,0.99449,0.99425,0.32815,0.0218,0.00021,0.14486,0.93978,0.0028245,0.0009415,0.0028245,0.0009415,0.0028245,0.0009415,0.0028245,0.0009415
185,48126.4,0.27552,0.01902,0.00693,0.18481,0.90587,0.99784,0.99564,0.99441,0.95121,0.99805,0.99599,0.99449,0.99424,0.32836,0.02179,0.00022,0.14504,0.93984,0.002676,0.000892,0.002676,0.000892,0.002676,0.000892,0.002676,0.000892
186,48373,0.27481,0.01902,0.00722,0.18285,0.90217,0.99786,0.99564,0.99441,0.95116,0.99807,0.99601,0.99449,0.99424,0.32855,0.02178,0.00022,0.14498,0.93991,0.0025275,0.0008425,0.0025275,0.0008425,0.0025275,0.0008425,0.0025275,0.0008425
187,48619.6,0.27252,0.01845,0.00718,0.18275,0.90435,0.99777,0.99564,0.99442,0.9511,0.99799,0.99603,0.99448,0.99424,0.32871,0.02178,0.00022,0.14511,0.93989,0.002379,0.000793,0.002379,0.000793,0.002379,0.000793,0.002379,0.000793
188,48866.4,inf,0.01823,0.00687,0.18075,0.90229,0.99781,0.99572,0.9944,0.95115,0.99799,0.99604,0.99447,0.99424,0.329,0.02179,0.00022,0.14551,0.94,0.0022305,0.0007435,0.0022305,0.0007435,0.0022305,0.0007435,0.0022305,0.0007435
189,49112.7,0.27065,0.01861,0.00703,0.18087,0.90214,0.99781,0.9957,0.99439,0.95126,0.99799,0.99604,0.99446,0.99423,0.32919,0.02179,0.00022,0.14586,0.94009,0.002082,0.000694,0.002082,0.000694,0.002082,0.000694,0.002082,0.000694
190,49358.6,0.27122,0.01831,0.00706,0.1812,0.90199,0.99781,0.99569,0.99438,0.95087,0.99799,0.99603,0.99447,0.99423,0.3294,0.02178,0.00023,0.14608,0.94013,0.0019335,0.0006445,0.0019335,0.0006445,0.0019335,0.0006445,0.0019335,0.0006445
191,49804.2,0.25745,0.01131,0.00365,0.14923,0.88822,0.99781,0.99571,0.99438,0.95098,0.99799,0.99604,0.99447,0.99424,0.32962,0.02175,0.00023,0.14657,0.9402,0.001785,0.000595,0.001785,0.000595,0.001785,0.000595,0.001785,0.000595
192,50092.5,0.25458,0.01129,0.00368,0.14766,0.88477,0.99781,0.99563,0.99438,0.95085,0.99799,0.99605,0.99447,0.99426,0.32967,0.02174,0.00023,0.14717,0.94015,0.0016365,0.0005455,0.0016365,0.0005455,0.0016365,0.0005455,0.0016365,0.0005455
193,50351.7,0.25448,0.01082,0.00297,0.14754,0.88472,0.99781,0.99562,0.99439,0.95101,0.99792,0.99608,0.99446,0.99424,0.32973,0.02175,0.00023,0.14756,0.94014,0.001488,0.000496,0.001488,0.000496,0.001488,0.000496,0.001488,0.000496
194,50624.8,0.25328,0.01122,0.00311,0.14735,0.88323,0.99781,0.99559,0.99441,0.95088,0.99795,0.99608,0.99448,0.99425,0.32999,0.02175,0.00023,0.148,0.94023,0.0013395,0.0004465,0.0013395,0.0004465,0.0013395,0.0004465,0.0013395,0.0004465
195,50884.8,0.25269,0.01065,0.00323,0.14708,0.88365,0.99781,0.99554,0.99442,0.9509,0.99789,0.99608,0.99449,0.99426,0.33005,0.02173,0.00023,0.14813,0.94024,0.001191,0.000397,0.001191,0.000397,0.001191,0.000397,0.001191,0.000397
196,51154.7,0.25031,0.01037,0.00322,0.14619,0.88333,0.99781,0.99549,0.99444,0.95094,0.99785,0.99608,0.9945,0.99429,0.33015,0.02173,0.00023,0.14829,0.94028,0.0010425,0.0003475,0.0010425,0.0003475,0.0010425,0.0003475,0.0010425,0.0003475
197,51433.8,0.24887,0.01018,0.00314,0.14409,0.88272,0.99781,0.99546,0.99446,0.95094,0.99783,0.99608,0.99452,0.9943,0.33033,0.02171,0.00024,0.14848,0.94028,0.000894,0.000298,0.000894,0.000298,0.000894,0.000298,0.000894,0.000298
198,51750.3,0.24888,0.01044,0.0028,0.14434,0.88162,0.99781,0.99546,0.99448,0.95107,0.99784,0.99608,0.99454,0.99433,0.33039,0.02171,0.00024,0.14914,0.94024,0.0007455,0.0002485,0.0007455,0.0002485,0.0007455,0.0002485,0.0007455,0.0002485
199,52026.3,0.24837,0.0102,0.00278,0.14284,0.88204,0.99764,0.9958,0.99449,0.95092,0.99785,0.99608,0.99454,0.99433,0.33064,0.02168,0.00024,0.1496,0.94029,0.000597,0.000199,0.000597,0.000199,0.000597,0.000199,0.000597,0.000199
200,52311.3,inf,0.01009,0.00271,0.14199,0.87909,0.99764,0.99581,0.99448,0.95095,0.99785,0.99608,0.99454,0.99432,0.33057,0.0217,0.00024,0.1498,0.94032,0.0004485,0.0001495,0.0004485,0.0001495,0.0004485,0.0001495,0.0004485,0.0001495
